id,postcode,latitude,longitude
1,AB10 1XG,57.144140,-2.114871
2,AB10 6RN,57.137860,-2.121494
3,AB10 7JB,57.124260,-2.127214
4,AB11 5QN,57.142590,-2.093303
5,AB11 6UL,57.137470,-2.112455
6,AB11 8RQ,57.135950,-2.072123
7,AB12 3FJ,57.097990,-2.077447
8,AB12 4NA,57.064260,-2.130026
9,AB12 5GL,57.081920,-2.246574
10,AB12 9SP,57.148690,-2.097813
11,AB14 0TQ,57.101540,-2.268509
12,AB15 5HB,57.147400,-2.147273
13,AB15 6NA,57.151540,-2.186560
15,AB15 8UF,57.153980,-2.224408
16,AB15 9SE,57.118650,-2.174208
17,AB16 5ST,57.163450,-2.159356
18,AB16 6SZ,57.158730,-2.165221
19,AB16 7NX,57.168330,-2.161642
20,AB21 0AL,57.263210,-2.158990
21,AB21 0TF,57.221880,-2.273372
22,AB21 7LD,57.212220,-2.185607
23,AB21 7LE,57.211750,-2.182509
24,AB21 7LF,57.203410,-2.173911
25,AB21 7LG,57.210940,-2.181909
26,AB21 7LH,57.210240,-2.180929
27,AB21 7LJ,57.210340,-2.181973
28,AB21 7LL,57.212440,-2.184963
29,AB21 7LN,57.210300,-2.183380
30,AB21 7LP,57.209880,-2.182914
31,AB21 7LQ,57.209260,-2.183838
32,AB21 7LR,57.208890,-2.184068
33,AB21 7LS,57.208860,-2.184912
34,AB21 7LT,57.209050,-2.181801
35,AB21 7LU,57.208870,-2.182164
36,AB21 7LW,57.204760,-2.176268
37,AB21 7LX,57.210060,-2.180597
38,AB21 7LY,57.210170,-2.179307
39,AB21 7LZ,57.209420,-2.179303
40,AB21 7NA,57.209430,-2.177846
41,AB21 7NB,57.208840,-2.176701
42,AB21 7ND,57.208680,-2.177280
43,AB21 7NE,57.209030,-2.176073
44,AB21 7NF,57.206150,-2.173808
45,AB21 7NG,57.204400,-2.176134
46,AB21 7NH,57.207550,-2.174278
47,AB21 7NJ,57.208500,-2.175955
48,AB21 7NP,57.207430,-2.175072
49,AB21 7NQ,57.206700,-2.176343
50,AB21 7NR,57.207360,-2.176661
51,AB21 7NS,57.207710,-2.177424
52,AB21 7NX,57.234390,-2.187889
53,AB21 7NY,57.227920,-2.170962
54,AB21 7PB,57.196560,-2.182749
55,AB21 7PE,57.243960,-2.165602
56,AB21 7PH,57.250020,-2.162513
57,AB21 7PP,57.260370,-2.176947
58,AB21 7PQ,57.253340,-2.182035
59,AB21 7PR,57.256940,-2.181323
60,AB21 7PS,57.250670,-2.191286
61,AB21 7PU,57.248610,-2.175018
62,AB21 7PW,57.255800,-2.172997
63,AB21 7PY,57.255580,-2.195256
64,AB21 7PZ,57.260680,-2.200571
65,AB21 7QQ,57.199790,-2.190907
66,AB21 7UU,57.239400,-2.190250
69,AB21 7XA,57.225760,-2.161662
70,AB21 7XB,57.237610,-2.161846
74,AB21 9AB,57.189890,-2.170820
75,AB21 9AD,57.177520,-2.170829
76,AB21 9AE,57.178500,-2.171693
77,AB21 9AG,57.177850,-2.168333
78,AB21 9AH,57.179320,-2.172458
79,AB21 9AJ,57.178830,-2.172803
80,AB21 9AL,57.179510,-2.173732
81,AB21 9AN,57.178340,-2.174852
82,AB21 9AP,57.177250,-2.174631
83,AB21 9AR,57.178540,-2.173132
84,AB21 9AS,57.176410,-2.174942
85,AB21 9AT,57.177850,-2.177893
86,AB21 9AU,57.178250,-2.180061
87,AB21 9AX,57.179980,-2.183659
88,AB21 9AY,57.179000,-2.183555
89,AB21 9BB,57.179790,-2.185362
90,AB21 9BD,57.179240,-2.185425
91,AB21 9BE,57.178370,-2.184395
92,AB21 9BG,57.175430,-2.157737
93,AB21 9BH,57.176650,-2.178763
94,AB21 9BJ,57.176280,-2.177042
95,AB21 9BL,57.175320,-2.179865
96,AB21 9BN,57.175900,-2.178379
97,AB21 9BP,57.176300,-2.179109
98,AB21 9BQ,57.175980,-2.181440
99,AB21 9BR,57.175400,-2.181602
100,AB21 9BS,57.174830,-2.180756
101,AB21 9BT,57.174580,-2.181929
102,AB21 9BU,57.173720,-2.183049
103,AB21 9BX,57.174920,-2.181914
104,AB21 9BY,57.174920,-2.183998
105,AB21 9DA,57.173810,-2.181528
106,AB21 9DB,57.173560,-2.182073
107,AB21 9DD,57.174630,-2.183517
108,AB21 9DE,57.174170,-2.185268
109,AB21 9DF,57.174370,-2.186724
110,AB21 9DG,57.177360,-2.182521
111,AB21 9DH,57.174660,-2.188148
112,AB21 9DJ,57.175190,-2.185471
113,AB21 9DL,57.175430,-2.183934
114,AB21 9DN,57.175780,-2.183159
115,AB21 9DP,57.176350,-2.180714
116,AB21 9DQ,57.177080,-2.179146
117,AB21 9DR,57.177060,-2.177575
119,AB21 9DT,57.177500,-2.169820
120,AB21 9DU,57.178660,-2.170735
121,AB21 9DX,57.181080,-2.174831
122,AB21 9DY,57.182180,-2.177864
123,AB21 9EA,57.182190,-2.176888
124,AB21 9EB,57.183150,-2.179093
125,AB21 9ED,57.183510,-2.179773
126,AB21 9EE,57.183900,-2.180056
127,AB21 9EF,57.182450,-2.176161
128,AB21 9EG,57.181530,-2.177662
129,AB21 9EH,57.183560,-2.178681
130,AB21 9EJ,57.183080,-2.177835
131,AB21 9EL,57.183460,-2.181443
132,AB21 9EN,57.184330,-2.182853
133,AB21 9EP,57.184560,-2.184989
134,AB21 9EQ,57.184060,-2.184142
135,AB21 9ER,57.182420,-2.184531
137,AB21 9ET,57.181300,-2.181548
138,AB21 9EU,57.181740,-2.182013
139,AB21 9EW,57.183590,-2.183545
140,AB21 9EX,57.180710,-2.184076
141,AB21 9EY,57.180960,-2.184739
142,AB21 9HA,57.181270,-2.187420
143,AB21 9HB,57.180000,-2.182071
144,AB21 9HE,57.179710,-2.169879
145,AB21 9HH,57.179420,-2.170374
146,AB21 9HJ,57.186640,-2.181359
147,AB21 9HN,57.187970,-2.180324
148,AB21 9HQ,57.183890,-2.181263
149,AB21 9HR,57.184180,-2.180768
150,AB21 9HS,57.186700,-2.182352
151,AB21 9HT,57.185600,-2.181536
152,AB21 9HU,57.188560,-2.181220
153,AB21 9HW,57.188190,-2.179762
154,AB21 9HX,57.187970,-2.176535
155,AB21 9HY,57.189620,-2.179852
156,AB21 9HZ,57.186990,-2.180468
157,AB21 9JB,57.189950,-2.180581
158,AB21 9JD,57.190310,-2.179624
159,AB21 9JE,57.190650,-2.182173
160,AB21 9JH,57.190880,-2.183200
161,AB21 9JJ,57.191210,-2.186164
162,AB21 9JL,57.190910,-2.186344
163,AB21 9JP,57.189990,-2.184023
164,AB21 9JQ,57.189950,-2.182484
165,AB21 9JR,57.189640,-2.184749
166,AB21 9JS,57.191840,-2.180822
167,AB21 9JT,57.190960,-2.177013
168,AB21 9JU,57.192070,-2.179632
169,AB21 9JX,57.193830,-2.181329
170,AB21 9JY,57.191340,-2.180969
171,AB21 9LA,57.190940,-2.175044
172,AB21 9LB,57.177470,-2.168877
173,AB21 9LD,57.177030,-2.168577
174,AB21 9LE,57.177540,-2.171507
175,AB21 9LF,57.173130,-2.156040
176,AB21 9LG,57.175220,-2.168221
177,AB21 9LJ,57.176830,-2.170743
178,AB21 9LL,57.177200,-2.171290
179,AB21 9LN,57.177880,-2.173245
180,AB21 9LP,57.176480,-2.167483
181,AB21 9LQ,57.177070,-2.166295
182,AB21 9LR,57.176820,-2.164954
183,AB21 9LS,57.176430,-2.164059
184,AB21 9LT,57.175280,-2.164980
185,AB21 9LU,57.176140,-2.164868
186,AB21 9LW,57.174990,-2.164069
187,AB21 9LX,57.175160,-2.163706
188,AB21 9LZ,57.179180,-2.177221
189,AB21 9NA,57.175560,-2.162616
190,AB21 9NB,57.173920,-2.160790
191,AB21 9ND,57.173660,-2.155993
192,AB21 9NL,57.173600,-2.153313
193,AB21 9NN,57.173430,-2.150915
194,AB21 9NP,57.176900,-2.157925
195,AB21 9NQ,57.174650,-2.161885
196,AB21 9NS,57.175660,-2.153091
197,AB21 9NT,57.178560,-2.161224
198,AB21 9NU,57.179150,-2.169265
199,AB21 9NX,57.178120,-2.163074
200,AB21 9NY,57.176190,-2.160237
201,AB21 9PA,57.179310,-2.166884
202,AB21 9PB,57.178820,-2.168420
203,AB21 9PD,57.175030,-2.173496
204,AB21 0TG,57.193610,-2.288438
205,AB21 0TH,57.193980,-2.279968
206,AB21 0TJ,57.201900,-2.278671
207,AB21 0TL,57.197720,-2.278904
208,AB21 0TN,57.187400,-2.276147
209,AB21 0TP,57.186150,-2.281994
210,AB21 0TQ,57.182360,-2.294570
211,AB21 0TR,57.178120,-2.300723
212,AB21 0TS,57.184650,-2.303307
213,AB21 0TT,57.190840,-2.257905
214,AB21 0TU,57.196660,-2.242324
215,AB21 0TW,57.207530,-2.286361
216,AB21 0TX,57.197870,-2.265815
217,AB21 0TY,57.199600,-2.264801
218,AB21 0TZ,57.189480,-2.274987
219,AB21 0UA,57.263760,-2.187690
220,AB21 0UB,57.215470,-2.195011
221,AB21 0UD,57.273070,-2.185614
222,AB21 0UE,57.263330,-2.155973
223,AB21 0UF,57.267090,-2.173149
224,AB21 0UG,57.243900,-2.183911
226,AB21 0UL,57.271830,-2.170833
227,AB21 0UN,57.284760,-2.155135
228,AB21 0UP,57.284100,-2.169978
229,AB21 0UQ,57.266220,-2.179462
230,AB21 0UR,57.261770,-2.182540
231,AB21 0US,57.250390,-2.178855
232,AB21 0UT,57.237870,-2.179689
233,AB21 0UU,57.263180,-2.188167
234,AB21 0UW,57.263060,-2.183525
235,AB21 0UX,57.310170,-2.258689
236,AB21 0UY,57.264100,-2.186580
237,AB21 0UZ,57.263210,-2.187189
238,AB21 0WA,57.206180,-2.289164
239,AB21 0WB,57.265030,-2.187099
240,AB21 0WF,57.264040,-2.182320
241,AB21 0WG,57.265630,-2.184698
242,AB21 0WH,57.202840,-2.286738
243,AB21 0WJ,57.267030,-2.193310
244,AB21 0WL,57.266040,-2.193056
245,AB21 0WN,57.266390,-2.194053
246,AB21 0WP,57.266640,-2.192628
247,AB21 0WQ,57.267760,-2.192501
249,AB21 0WW,57.266930,-2.186644
251,AB21 0WZ,57.270400,-2.191686
252,AB21 0XA,57.203430,-2.284144
253,AB21 0XB,57.204060,-2.284877
254,AB21 0XD,57.203380,-2.287868
255,AB21 0XF,57.262610,-2.184517
256,AB21 0XG,57.263480,-2.184803
257,AB21 0XN,57.202250,-2.283606
258,AB21 0XP,57.201660,-2.283551
259,AB21 0XQ,57.207480,-2.287420
260,AB21 0XR,57.208020,-2.287010
261,AB21 0XS,57.207580,-2.286692
262,AB21 0XT,57.207120,-2.288095
263,AB21 0XU,57.206890,-2.288855
264,AB21 0XW,57.205910,-2.288202
265,AB21 0XX,57.205210,-2.287452
266,AB21 0XY,57.237470,-2.262404
267,AB21 0XZ,57.263270,-2.182680
268,AB21 0YA,57.237660,-2.267474
269,AB21 0YB,57.236880,-2.265265
270,AB21 0YD,57.240090,-2.277317
271,AB21 0YE,57.235810,-2.266832
272,AB21 0YF,57.237250,-2.264755
273,AB21 0YG,57.237670,-2.265818
274,AB21 0YL,57.238190,-2.285603
275,AB21 0YN,57.202310,-2.286618
276,AB21 0YP,57.202380,-2.285063
277,AB21 0YQ,57.248480,-2.263542
278,AB21 0YR,57.254380,-2.267032
279,AB21 0YS,57.258030,-2.282026
280,AB21 0YT,57.266650,-2.273951
281,AB21 0YX,57.274640,-2.277675
283,AB21 0ZR,57.205090,-2.294800
284,AB21 0ZS,57.204800,-2.293225
285,AB21 0ZT,57.204240,-2.292079
287,AB21 7AA,57.209440,-2.188606
288,AB21 7AB,57.211510,-2.187706
289,AB21 7AD,57.209660,-2.187614
290,AB21 7AE,57.211300,-2.186811
291,AB21 7AF,57.212590,-2.190228
292,AB21 7AG,57.211990,-2.189480
293,AB21 7AH,57.215300,-2.185424
294,AB21 7AJ,57.219690,-2.183542
295,AB21 7AL,57.220150,-2.173195
296,AB21 7AN,57.208440,-2.166387
297,AB21 7AP,57.206820,-2.154941
298,AB21 7AQ,57.215770,-2.144730
299,AB21 7AR,57.207340,-2.133541
300,AB21 7AS,57.231220,-2.139921
301,AB21 7AT,57.223980,-2.156520
302,AB21 7AU,57.205020,-2.188964
303,AB21 7AX,57.204990,-2.189808
304,AB21 7AY,57.205080,-2.190752
305,AB21 7AZ,57.199660,-2.185329
306,AB21 7BA,57.205910,-2.190757
307,AB21 7BB,57.206230,-2.185644
308,AB21 7BD,57.205840,-2.186089
309,AB21 7BE,57.206810,-2.188858
310,AB21 7BG,57.206790,-2.190347
311,AB21 7BH,57.206550,-2.187946
312,AB21 7BJ,57.206770,-2.189785
313,AB21 7BL,57.207420,-2.187222
314,AB21 7BN,57.206760,-2.186143
315,AB21 7BP,57.207480,-2.185782
316,AB21 7BQ,57.207830,-2.187009
317,AB21 7BR,57.208650,-2.187030
318,AB21 7BS,57.208160,-2.183965
319,AB21 7BT,57.207900,-2.184030
320,AB21 7BU,57.207630,-2.184029
321,AB21 7BW,57.211640,-2.190439
322,AB21 7BX,57.207280,-2.182818
323,AB21 7BY,57.206840,-2.184339
324,AB21 7DA,57.209610,-2.186008
325,AB21 7DB,57.210590,-2.184639
326,AB21 7DD,57.211580,-2.185108
327,AB21 7DE,57.211290,-2.185470
328,AB21 7DG,57.209420,-2.180511
329,AB21 7DH,57.210750,-2.186428
330,AB21 7DJ,57.210070,-2.186573
331,AB21 7DL,57.208570,-2.189065
332,AB21 7DN,57.208140,-2.188285
333,AB21 7DQ,57.206300,-2.190908
334,AB21 7DR,57.204150,-2.192634
335,AB21 7DS,57.203990,-2.194024
336,AB21 7DT,57.202680,-2.192163
337,AB21 7DU,57.200480,-2.203637
338,AB21 7DW,57.200690,-2.189985
339,AB21 7DX,57.202660,-2.188986
340,AB21 7DY,57.202390,-2.188289
341,AB21 7DZ,57.196400,-2.177320
342,AB21 7EA,57.197990,-2.176434
343,AB21 7EB,57.202360,-2.187379
344,AB21 7ED,57.202760,-2.189747
345,AB21 7EE,57.203570,-2.188609
346,AB21 7EG,57.205120,-2.194427
347,AB21 7EH,57.203990,-2.187966
348,AB21 7EJ,57.203930,-2.190498
349,AB21 7EL,57.204390,-2.187968
350,AB21 7EN,57.203690,-2.186955
351,AB21 7EP,57.205350,-2.187576
352,AB21 7EQ,57.212290,-2.190790
353,AB21 7ER,57.211090,-2.189856
354,AB21 7ES,57.209800,-2.189204
355,AB21 7ET,57.210360,-2.189356
357,AB21 7EW,57.205180,-2.186201
358,AB21 7EX,57.212300,-2.188869
359,AB21 7EY,57.213760,-2.189804
360,AB21 7EZ,57.197930,-2.186396
361,AB21 7FA,57.204320,-2.185121
362,AB21 7FB,57.205050,-2.185886
363,AB21 7FD,57.205140,-2.183553
364,AB21 7FE,57.203740,-2.185333
365,AB21 7FF,57.203110,-2.184618
366,AB21 7FG,57.202630,-2.184202
367,AB21 7FH,57.203660,-2.182420
368,AB21 7FJ,57.203450,-2.180896
369,AB21 7FL,57.200280,-2.186689
370,AB21 7FN,57.201120,-2.186363
371,AB21 7FP,57.201010,-2.180437
372,AB21 7FQ,57.201400,-2.184163
373,AB21 7FR,57.201890,-2.182179
374,AB21 7FS,57.202090,-2.179301
375,AB21 7FT,57.202920,-2.178510
376,AB21 7FU,57.202990,-2.176740
377,AB21 7FW,57.202160,-2.175792
378,AB21 7FX,57.202300,-2.183588
379,AB21 7FY,57.201280,-2.181862
380,AB21 7FZ,57.202590,-2.175331
381,AB21 7GA,57.196920,-2.186176
382,AB21 7GB,57.194860,-2.185818
383,AB21 7GD,57.197540,-2.188579
384,AB21 7GF,57.192800,-2.184252
385,AB21 7GH,57.213440,-2.187915
386,AB21 7GJ,57.212490,-2.188340
387,AB21 7GL,57.205890,-2.191253
388,AB21 7GN,57.196420,-2.182450
389,AB21 7GQ,57.198710,-2.191812
390,AB21 7HF,57.211030,-2.183201
391,AB21 7HG,57.198230,-2.180043
392,AB21 7JJ,57.208640,-2.178207
393,AB21 7JL,57.208970,-2.179963
394,AB21 7JN,57.207410,-2.179409
395,AB21 7JP,57.207650,-2.181347
396,AB21 7JQ,57.207400,-2.181611
397,AB21 7JR,57.207130,-2.181709
398,AB21 7JS,57.206890,-2.181823
399,AB21 7JT,57.206620,-2.181905
400,AB21 7JU,57.207740,-2.180354
401,AB21 7JW,57.208220,-2.180919
402,AB21 7JX,57.208180,-2.180373
403,AB21 7JY,57.207980,-2.178319
404,AB21 7JZ,57.208580,-2.179034
405,AB21 7LA,57.210970,-2.180585
406,AB21 7LB,57.210140,-2.178462
407,AB21 9PE,57.178170,-2.169227
408,BB1 3HJ,53.753720,-2.448811
409,BB1 3HL,53.750030,-2.456990
410,BB1 3HN,53.751720,-2.453369
411,BB1 3HP,53.756610,-2.450040
412,BB1 3HQ,53.749810,-2.459914
413,BB1 3HR,53.753970,-2.445416
414,BB1 3HT,53.758930,-2.446591
415,BB1 3HU,53.754980,-2.450553
416,BB1 3HW,53.752410,-2.448478
417,BB1 3HY,53.751490,-2.445177
418,BB1 3JA,53.752480,-2.444930
419,BB1 3JB,53.751610,-2.445785
420,BB1 3JD,53.749110,-2.443772
421,BB1 3JL,53.749630,-2.455591
422,BB1 3JP,53.748620,-2.453260
423,BB1 3JR,53.748800,-2.451215
424,BB1 3JS,53.749000,-2.452824
425,BB1 3JT,53.750060,-2.452972
426,BB1 3JU,53.750240,-2.451139
427,BB1 3JW,53.749110,-2.454584
428,BB1 3JX,53.750960,-2.451359
429,BB1 3JY,53.749140,-2.450020
430,BB1 3JZ,53.749820,-2.447541
431,BB1 3LA,53.748230,-2.447918
432,BB1 3LB,53.749130,-2.447503
433,BB1 3LD,53.751270,-2.446676
434,BB1 3LE,53.752110,-2.448611
435,BB1 3LF,53.751580,-2.448181
436,BB1 3LG,53.751480,-2.450940
437,BB1 3LH,53.749420,-2.448886
438,BB1 3LJ,53.748120,-2.449767
439,BB1 3LL,53.749180,-2.452113
440,BB1 3LN,53.749900,-2.452258
441,BB1 3LP,53.746330,-2.438967
442,BB1 3LQ,53.750640,-2.449263
443,BB1 3LR,53.746930,-2.438048
444,BB1 3LS,53.750500,-2.429168
445,BB1 3LU,53.749060,-2.433885
446,BB1 3LW,53.745990,-2.438539
447,BB1 3LX,53.747840,-2.435616
448,BB1 3LY,53.748870,-2.433185
449,BB1 3LZ,53.748610,-2.432925
450,BB1 3NA,53.747880,-2.435025
451,BB1 3NB,53.747940,-2.433252
452,BB1 3ND,53.747590,-2.433248
453,BB1 3NG,53.747020,-2.433060
454,BB1 3NH,53.747570,-2.437160
455,BB1 3NJ,53.748550,-2.436912
456,BB1 3NN,53.748320,-2.442005
457,BB1 3NP,53.749960,-2.442310
458,BB1 3NQ,53.748130,-2.437499
459,BB1 3NR,53.749750,-2.443264
460,BB1 3NS,53.749030,-2.442574
461,BB1 3NT,53.759590,-2.449161
462,BB1 3NU,53.762600,-2.450088
463,BB1 3NW,53.749360,-2.441030
464,BB1 3NY,53.747920,-2.441076
467,BB1 4AA,53.770560,-2.460961
468,BB1 4AB,53.774800,-2.448307
469,BB1 4AD,53.781220,-2.446463
470,BB1 4AE,53.787640,-2.452390
471,BB1 4AF,53.785070,-2.464975
472,BB1 4AG,53.782250,-2.464443
473,BB1 4AH,53.778420,-2.427405
474,BB1 4AJ,53.777220,-2.418015
475,BB1 4AL,53.772390,-2.425386
476,BB1 4AN,53.775770,-2.408851
477,BB1 4AP,53.772250,-2.438281
478,BB1 4AQ,53.775870,-2.462278
479,BB1 4AR,53.761000,-2.426121
480,BB1 4AS,53.756280,-2.426088
481,BB1 4AT,53.766350,-2.443529
482,BB1 4AU,53.758500,-2.441187
483,BB1 4AW,53.763030,-2.423168
485,BB1 4BH,53.764600,-2.427128
486,BB1 4BJ,53.765550,-2.427107
487,BB1 4BL,53.765490,-2.425392
488,BB1 4BN,53.765680,-2.426608
489,BB1 4BP,53.766370,-2.426372
490,BB1 4BQ,53.765170,-2.427983
491,BB1 4BS,53.766540,-2.422096
492,BB1 4BW,53.765980,-2.425640
493,BB1 4BX,53.766970,-2.423602
494,BB1 4BY,53.766660,-2.424297
495,BB1 4BZ,53.767400,-2.420709
496,BB1 4DA,53.768020,-2.421383
497,BB1 4DB,53.767670,-2.422744
498,BB1 4DD,53.767990,-2.418879
499,BB1 4DG,53.768190,-2.418881
500,BB1 4DH,53.769290,-2.418862
501,BB1 4DJ,53.769670,-2.418577
502,BB1 4DL,53.769020,-2.416735
503,BB1 4DR,53.769200,-2.419255
504,BB1 4DS,53.769340,-2.419484
505,BB1 4DT,53.769980,-2.420613
506,BB1 4DU,53.769900,-2.417229
507,BB1 4DW,53.769220,-2.416798
508,BB1 4DX,53.770450,-2.417690
509,BB1 4DY,53.770680,-2.418405
510,BB1 4DZ,53.770940,-2.420365
511,BB1 4EA,53.770840,-2.421092
512,BB1 4EB,53.771360,-2.422008
513,BB1 4ED,53.770890,-2.418422
514,BB1 4EE,53.770860,-2.416708
515,BB1 4EF,53.769190,-2.416069
516,BB1 4EG,53.768110,-2.423507
517,BB1 4EH,53.766270,-2.428480
518,BB1 4EJ,53.766990,-2.426545
519,BB1 4EL,53.768710,-2.421556
520,BB1 4EN,53.767600,-2.425383
521,BB1 4EP,53.768300,-2.420232
522,BB1 4ER,53.762140,-2.432093
523,BB1 4ES,53.764710,-2.421061
524,BB1 4ET,53.763950,-2.432021
525,BB1 4EU,53.764870,-2.425007
526,BB1 4EX,53.763740,-2.425951
527,BB1 4EY,53.764290,-2.425289
528,BB1 4EZ,53.764710,-2.423625
530,BB1 4HA,53.764780,-2.422442
531,BB1 4HB,53.766430,-2.420047
532,BB1 4HD,53.766800,-2.419929
533,BB1 4HF,53.766000,-2.419724
534,BB1 4HG,53.762890,-2.415066
535,BB1 4HH,53.764320,-2.417872
536,BB1 4HJ,53.764240,-2.416854
537,BB1 4HL,53.765030,-2.417666
538,BB1 4HN,53.764250,-2.415808
539,BB1 4HP,53.765080,-2.418941
540,BB1 4HQ,53.764850,-2.418969
541,BB1 4HR,53.765940,-2.417782
542,BB1 4HS,53.766460,-2.416801
543,BB1 4HT,53.766690,-2.417865
544,BB1 4HU,53.766890,-2.418034
545,BB1 4HW,53.765570,-2.416246
546,BB1 4HX,53.767540,-2.417206
547,BB1 4HY,53.767600,-2.417055
548,BB1 4HZ,53.767230,-2.416414
549,BB1 4JA,53.766800,-2.416091
550,BB1 4JB,53.767330,-2.415186
551,BB1 4JD,53.766070,-2.414021
552,BB1 4JE,53.766930,-2.414272
553,BB1 4JF,53.766950,-2.413362
554,BB1 4JG,53.767390,-2.414625
555,BB1 4JH,53.767810,-2.413552
556,BB1 4JJ,53.767300,-2.412591
557,BB1 4JN,53.767960,-2.412552
558,BB1 4JQ,53.767840,-2.414751
559,BB1 4JR,53.767610,-2.413368
560,BB1 4JS,53.766300,-2.411049
561,BB1 4JT,53.763700,-2.415029
562,BB1 4JU,53.763640,-2.414558
563,BB1 4JW,53.767250,-2.411848
564,BB1 4JX,53.764400,-2.413701
565,BB1 4JY,53.764850,-2.412795
566,BB1 4JZ,53.768230,-2.413905
567,BB1 4LA,53.768460,-2.414211
568,BB1 4LB,53.772900,-2.415636
569,BB1 4LD,53.767940,-2.417392
570,BB1 4LJ,53.768730,-2.415564
571,BB1 4LL,53.769810,-2.414057
572,BB1 4LN,53.769370,-2.414357
573,BB1 4LP,53.771500,-2.414393
574,BB1 4LQ,53.768210,-2.417941
575,BB1 4LR,53.771210,-2.413874
576,BB1 4LS,53.771160,-2.415118
577,BB1 4LT,53.771320,-2.415180
578,BB1 4LU,53.771360,-2.415787
579,BB1 4LW,53.769840,-2.414483
580,BB1 4LX,53.771790,-2.415291
581,BB1 4LY,53.772160,-2.415962
582,BB1 4NA,53.770670,-2.415340
583,BB1 4NB,53.769550,-2.414829
584,BB1 4ND,53.769280,-2.408363
585,BB1 4NF,53.770420,-2.402154
586,BB1 4NG,53.769180,-2.406056
587,BB1 4NL,53.768850,-2.409254
588,BB1 4NN,53.768960,-2.408739
589,BB1 4NP,53.768360,-2.409522
590,BB1 4NQ,53.770730,-2.411791
591,BB1 4NR,53.768120,-2.409429
592,BB1 4NS,53.768090,-2.411295
593,BB1 4NT,53.770260,-2.410861
594,BB1 4NW,53.768100,-2.409778
595,BB1 4NX,53.770490,-2.411697
596,BB1 4NY,53.770980,-2.411459
597,BB1 4NZ,53.769920,-2.409037
598,BB1 4PA,53.771340,-2.407154
599,BB1 4PB,53.769450,-2.407727
600,BB1 4PD,53.769440,-2.409047
601,BB1 4PE,53.769390,-2.409381
602,BB1 4PF,53.768570,-2.407355
603,BB1 4PG,53.769950,-2.407535
604,BB1 4PH,53.764020,-2.419552
606,BB1 4RA,53.764610,-2.411473
607,BB1 4RB,53.764080,-2.413334
608,BB1 4RD,53.765770,-2.410832
609,BB1 4RE,53.765010,-2.415163
610,AB23 8AA,57.185030,-2.096255
611,AB23 8AB,57.249530,-2.060296
612,AB23 8AD,57.251690,-2.060432
613,AB23 8AE,57.190760,-2.100257
614,AB23 8AG,57.193040,-2.098443
615,AB23 8AH,57.190780,-2.098867
616,AB23 8AJ,57.186620,-2.086829
617,AB23 8AP,57.199390,-2.099122
619,AB23 8AR,57.217930,-2.070543
620,AB23 8AT,57.179700,-2.084100
621,AB23 8AU,57.191390,-2.096304
622,AB23 8AW,57.192310,-2.096075
623,AB23 8AX,57.194950,-2.083307
624,AB23 8AZ,57.196170,-2.085643
625,AB23 8BA,57.190360,-2.089617
626,AB23 8BB,57.192540,-2.090433
627,AB23 8BD,57.201010,-2.089378
628,AB23 8BE,57.217220,-2.070708
629,AB23 8BJ,57.205460,-2.102118
630,AB23 8BL,57.185750,-2.088415
631,AB23 8BN,57.204600,-2.092383
632,AB23 8BP,57.205610,-2.086526
633,AB23 8BQ,57.211490,-2.072865
634,AB23 8BR,57.214020,-2.082258
635,AB23 8BS,57.216900,-2.082926
636,AB23 8BT,57.219190,-2.072268
637,AB23 8BU,57.186460,-2.090832
639,AB23 8BX,57.178120,-2.089968
640,AB23 8BY,57.182790,-2.092064
641,AB23 8BZ,57.192920,-2.096871
642,AB23 8DA,57.181030,-2.084798
643,AB23 8DB,57.180100,-2.088153
644,AB23 8DD,57.178110,-2.087933
645,AB23 8DF,57.182130,-2.099787
646,AB23 8DJ,57.178130,-2.087239
647,AB23 8DL,57.177300,-2.088874
648,AB23 8DN,57.176890,-2.088691
649,AB23 8DP,57.177310,-2.086757
650,AB23 8DQ,57.177130,-2.087270
651,AB23 8DR,57.176440,-2.084886
652,AB23 8DS,57.176730,-2.085284
653,AB23 8DT,57.176360,-2.087516
654,AB23 8DU,57.180450,-2.086368
655,AB23 8DX,57.176520,-2.089038
656,AB23 8EA,57.176980,-2.089767
657,AB23 8EB,57.176950,-2.090610
658,AB23 8ED,57.178020,-2.090613
659,AB23 8EE,57.185600,-2.094205
660,AB23 8EF,57.189010,-2.092973
661,AB23 8EG,57.187020,-2.093183
662,AB23 8EH,57.190510,-2.105452
663,AB23 8EJ,57.178220,-2.092069
664,AB23 8EL,57.177790,-2.094168
665,AB23 8EN,57.177860,-2.094896
666,AB23 8EP,57.179130,-2.093874
667,AB23 8EQ,57.179260,-2.093246
668,AB23 8ER,57.178540,-2.092036
669,AB23 8ES,57.179150,-2.092236
670,AB23 8ET,57.179200,-2.090930
671,AB23 8EU,57.189080,-2.101411
672,AB23 8EW,57.187000,-2.097137
673,AB23 8EX,57.183050,-2.092230
674,AB23 8EY,57.188530,-2.098514
675,AB23 8EZ,57.186010,-2.092403
676,AB23 8FB,57.183090,-2.088177
677,AB23 8FD,57.183010,-2.090311
678,AB23 8FE,57.185040,-2.094534
679,AB23 8FF,57.191690,-2.097712
680,AB23 8FG,57.182000,-2.088836
681,AB23 8FP,57.177960,-2.089256
682,AB23 8FT,57.197030,-2.103187
683,AB23 8FW,57.196190,-2.102704
684,AB23 8FX,57.197330,-2.102112
685,AB23 8FY,57.178720,-2.088878
686,AB23 8GA,57.189760,-2.102852
687,AB23 8GD,57.190460,-2.081394
688,AB23 8GE,57.197520,-2.103982
689,AB23 8GH,57.192700,-2.106898
690,AB23 8GL,57.198800,-2.103523
691,AB23 8GN,57.199130,-2.105410
692,AB23 8GP,57.199910,-2.102715
693,AB23 8GQ,57.200030,-2.105049
694,AB23 8GS,57.195080,-2.102569
695,AB23 8GT,57.198100,-2.100426
696,AB23 8GW,57.191270,-2.076697
697,AB23 8GX,57.188340,-2.084831
698,AB23 8HA,57.179590,-2.092221
699,AB23 8HD,57.180810,-2.094242
700,AB23 8HE,57.190100,-2.099726
701,AB23 8HG,57.186680,-2.102860
702,AB23 8HJ,57.180480,-2.094738
703,AB23 8HL,57.180430,-2.095449
704,AB23 8HN,57.245510,-2.052219
705,AB23 8HP,57.181010,-2.098246
706,AB23 8HQ,57.180290,-2.096242
707,AB23 8HR,57.180260,-2.098393
708,AB23 8HS,57.179960,-2.098805
709,AB23 8HT,57.179090,-2.097182
710,AB23 8HU,57.245450,-2.053545
711,AB23 8HW,57.244800,-2.054223
712,AB23 8HX,57.178290,-2.096833
713,AB23 8HY,57.244660,-2.056096
714,AB23 8HZ,57.189960,-2.084702
715,AB23 8JA,57.178770,-2.095461
716,AB23 8JB,57.179410,-2.097117
717,AB23 8JD,57.179500,-2.096571
718,AB23 8JJ,57.179780,-2.096125
719,AB23 8JL,57.178620,-2.094882
720,AB23 8JN,57.177150,-2.092728
721,AB23 8JP,57.177430,-2.092877
722,AB23 8JQ,57.177200,-2.096052
723,AB23 8JR,57.177840,-2.096716
724,AB23 8JS,57.197440,-2.096436
725,AB23 8JW,57.196670,-2.093141
726,AB23 8JX,57.195990,-2.097210
727,AB23 8JZ,57.189240,-2.094644
728,AB23 8LA,57.199460,-2.100612
729,AB23 8LB,57.200640,-2.100350
730,AB23 8LD,57.200260,-2.101160
731,AB23 8LE,57.249290,-2.060047
732,AB23 8LH,57.194560,-2.098034
733,AB23 8LU,57.194060,-2.095600
734,AB23 8LZ,57.176550,-2.092230
735,AB23 8NA,57.198620,-2.114511
736,AB23 8NB,57.195570,-2.100568
737,AB23 8ND,57.195030,-2.099656
738,AB23 8NE,57.194700,-2.096065
739,AB23 8NF,57.195300,-2.096348
740,AB23 8NG,57.195480,-2.098731
741,AB23 8NH,57.194980,-2.097671
742,AB23 8NJ,57.194400,-2.099076
743,AB23 8NL,57.192160,-2.098193
744,AB23 8NN,57.204990,-2.109085
745,AB23 8NP,57.210540,-2.113290
746,AB23 8NQ,57.219250,-2.110336
747,AB23 8NR,57.217780,-2.097598
748,AB23 8NS,57.212210,-2.100332
749,AB23 8NT,57.207970,-2.093947
750,AB23 8NU,57.193460,-2.095780
751,AB23 8PA,57.181530,-2.096411
752,AB23 8PB,57.182790,-2.092874
753,AB23 8PD,57.182260,-2.093353
754,AB23 8PJ,57.183040,-2.095257
755,AB23 8PL,57.183820,-2.092496
756,AB23 8PN,57.183540,-2.094348
757,AB23 8PP,57.182500,-2.096430
758,AB23 8PQ,57.182000,-2.094907
759,AB23 8PR,57.182960,-2.094330
760,AB23 8PS,57.181710,-2.096676
761,AB23 8PT,57.182690,-2.096761
762,AB23 8PW,57.249600,-2.061870
763,AB23 8PX,57.182250,-2.099357
765,AB23 8QA,57.184940,-2.100655
766,AB23 8QB,57.183390,-2.099046
767,AB23 8QD,57.184850,-2.102408
768,AB23 8QE,57.185490,-2.101153
769,AB23 8QF,57.194170,-2.100779
770,AB23 8QG,57.194220,-2.101375
771,AB23 8QH,57.191790,-2.102279
772,AB23 8QJ,57.183650,-2.100122
773,AB23 8QL,57.184430,-2.098850
774,AB23 8QN,57.184470,-2.100836
775,AB23 8QP,57.192780,-2.102083
776,AB23 8QQ,57.192430,-2.100973
778,AB23 8QS,57.191100,-2.102459
779,AB23 8QT,57.183650,-2.095656
780,AB23 8QU,57.192810,-2.099551
781,AB23 8QW,57.193090,-2.102597
782,AB23 8QX,57.184030,-2.096864
785,AB23 8RA,57.184560,-2.098354
786,AB23 8RB,57.186180,-2.100691
787,AB23 8RD,57.246520,-2.086588
790,AB23 8RG,57.198470,-2.098127
791,AB23 8RH,57.199130,-2.096209
792,AB23 8RJ,57.200590,-2.096395
793,AB23 8RL,57.201080,-2.096826
794,AB23 8RN,57.196580,-2.099727
795,AB23 8RP,57.200220,-2.095980
804,AB23 8SA,57.258990,-2.086136
805,AB23 8SB,57.248520,-2.087305
806,AB23 8SD,57.248710,-2.088267
808,AB23 8SH,57.254170,-2.061679
809,AB23 8SJ,57.246510,-2.057954
810,AB23 8SL,57.229630,-2.100627
811,AB23 8SP,57.253380,-2.061561
812,AB23 8SQ,57.246380,-2.058700
813,AB23 8SR,57.245320,-2.060189
814,AB23 8SS,57.252790,-2.062157
815,AB23 8ST,57.245920,-2.060174
816,AB23 8SU,57.245610,-2.057986
817,AB23 8SW,57.245330,-2.059212
818,AB23 8SX,57.246990,-2.052337
819,AB23 8SY,57.252160,-2.053985
822,AB23 8TP,57.248010,-2.060625
823,AB23 8TR,57.249890,-2.060081
824,AB23 8TS,57.253220,-2.058677
825,AB23 8TW,57.246200,-2.062196
827,AB23 8UA,57.229270,-2.092097
828,AB23 8UB,57.230020,-2.093639
829,AB23 8UD,57.230660,-2.103247
830,AB23 8UE,57.227920,-2.093236
831,AB23 8UF,57.225470,-2.081422
832,AB23 8UG,57.230100,-2.098641
833,AB23 8UH,57.259790,-2.111716
834,AB23 8UJ,57.255500,-2.100515
835,AB23 8UL,57.263840,-2.090276
836,AB23 8UN,57.253660,-2.125155
837,AB23 8UP,57.243270,-2.116223
838,AB23 8UQ,57.245360,-2.105011
839,AB23 8UR,57.237560,-2.104260
840,AB23 8US,57.234170,-2.113676
841,AB23 8UT,57.224980,-2.114990
842,AB23 8UU,57.239520,-2.129266
843,AB23 8UW,57.228750,-2.092907
844,AB23 8UX,57.245500,-2.128110
845,AB23 8UY,57.230170,-2.102153
846,AB23 8UZ,57.223300,-2.099352
847,AB23 8WA,57.249760,-2.057578
848,AB23 8WB,57.250230,-2.058921
849,AB23 8WD,57.248770,-2.053483
850,AB23 8WE,57.248630,-2.052439
851,AB23 8WF,57.248100,-2.053002
852,AB23 8WG,57.248020,-2.054709
853,AB23 8WH,57.248480,-2.053185
854,AB23 8WJ,57.248090,-2.061752
855,AB23 8WL,57.247040,-2.053597
858,AB23 8WS,57.249480,-2.087142
859,AB23 8WT,57.252750,-2.087514
860,AB23 8WU,57.253060,-2.051269
861,AB23 8WY,57.246910,-2.055353
862,AB23 8WZ,57.246690,-2.053580
863,AB23 8XA,57.253420,-2.140220
864,AB23 8XB,57.255310,-2.130647
865,AB23 8XD,57.258940,-2.138517
866,AB23 8XE,57.267690,-2.142960
867,AB23 8XF,57.251350,-2.059868
868,AB23 8XG,57.253640,-2.055744
869,AB23 8XH,57.276790,-2.138434
870,AB23 8XJ,57.281330,-2.151952
871,AB23 8XL,57.281820,-2.134622
872,AB23 8XN,57.280050,-2.119705
873,AB23 8XP,57.277490,-2.102134
874,AB23 8XQ,57.270810,-2.130088
875,AB23 8XR,57.250470,-2.061789
876,AB23 8XS,57.246740,-2.065196
877,AB23 8XU,57.254800,-2.055415
878,AB23 8XW,57.251460,-2.058144
879,AB23 8XX,57.258770,-2.053896
880,AB23 8XY,57.264140,-2.057352
881,AB23 8XZ,57.250830,-2.060381
882,AB23 8YA,57.267940,-2.070588
883,AB23 8YB,57.267990,-2.051571
884,AB23 8YD,57.277010,-2.056343
885,AB23 8YE,57.275110,-2.038729
886,AB23 8YF,57.250270,-2.056701
887,AB23 8YG,57.248790,-2.088781
888,AB23 8YH,57.284460,-2.032054
889,AB23 8YJ,57.276860,-2.063905
890,AB23 8YL,57.274950,-2.090187
891,AB23 8YN,57.260870,-2.084831
892,AB23 8YP,57.263890,-2.081241
893,AB23 8YQ,57.252580,-2.061941
894,AB23 8YR,57.257170,-2.072043
895,AB23 8YS,57.258420,-2.085323
896,AB23 8YT,57.250740,-2.087857
897,AB23 8YU,57.247970,-2.091613
898,AB23 8YW,57.250640,-2.054961
899,AB23 8YX,57.235380,-2.089511
900,AB23 8YY,57.237620,-2.066323
901,AB23 8YZ,57.250130,-2.055375
902,AB23 8ZA,57.232200,-2.100817
903,AB23 8ZB,57.230980,-2.100499
904,AB23 8ZD,57.232050,-2.097967
905,AB23 8ZE,57.233760,-2.099910
906,AB23 8ZF,57.234540,-2.101800
907,AB23 8ZG,57.229890,-2.091005
908,AB23 8ZH,57.230400,-2.087346
909,AB23 8ZJ,57.230600,-2.090874
910,AB23 8ZL,57.230870,-2.087927
911,AB23 8ZN,57.229820,-2.089796
912,AB23 8ZP,57.250560,-2.086531
913,AB23 8ZQ,57.249770,-2.054081
914,AB23 8ZR,57.248090,-2.057874
915,AB23 8ZS,57.248910,-2.057129
916,AB23 8ZT,57.247250,-2.058270
917,AB23 8ZU,57.247830,-2.057923
918,AB23 8ZW,57.246920,-2.060109
919,AB23 8ZX,57.248730,-2.059582
925,AB24 1AW,57.166510,-2.088171
926,AB24 1FR,57.164800,-2.089258
927,AB24 1GU,57.164730,-2.091143
928,AB24 1RF,57.164690,-2.089125
929,AB24 1RG,57.164690,-2.087836
930,AB24 1RN,57.168830,-2.103736
931,AB24 1RP,57.167970,-2.102461
932,AB24 1RQ,57.169400,-2.100183
933,AB24 1RZ,57.165360,-2.087920
934,AB24 1SA,57.168010,-2.096740
935,AB24 1SB,57.168880,-2.096312
936,AB24 1SD,57.170250,-2.095538
937,AB24 1SE,57.169140,-2.096230
938,AB24 1SG,57.169050,-2.094857
939,AB24 1SH,57.169330,-2.094626
940,AB24 1SJ,57.170730,-2.094101
941,AB24 1SL,57.169620,-2.094462
942,AB24 1SN,57.167810,-2.096144
943,AB24 1SX,57.164630,-2.094598
944,AB24 1SY,57.165040,-2.093293
945,AB24 1SZ,57.164800,-2.090283
946,AB24 1TA,57.165230,-2.091458
947,AB24 1TB,57.165680,-2.089706
948,AB24 1TD,57.165550,-2.091690
949,AB24 1TE,57.165060,-2.095277
950,AB24 1TF,57.166770,-2.090354
951,AB24 1TG,57.167340,-2.090884
952,AB24 1TH,57.165680,-2.095824
953,AB24 1TJ,57.165880,-2.094039
954,AB24 1TL,57.166270,-2.089427
955,AB24 1TN,57.166780,-2.091644
956,AB24 1TP,57.167440,-2.092092
957,AB24 1TQ,57.168760,-2.091814
958,AB24 1TR,57.168930,-2.092393
959,AB24 1TS,57.167490,-2.092704
960,AB24 1TT,57.166870,-2.093082
961,AB24 1TU,57.166370,-2.091626
962,AB24 1TW,57.165900,-2.092336
963,AB24 1TX,57.166970,-2.095431
964,AB24 1TY,57.166580,-2.095330
965,AB24 1TZ,57.167890,-2.090819
966,AB24 1UA,57.168990,-2.097635
967,AB24 1UF,57.168740,-2.098990
968,AB24 1UG,57.164810,-2.091275
969,AB24 1UH,57.167960,-2.101369
970,AB24 1UJ,57.169440,-2.098546
971,AB24 1UL,57.169360,-2.097950
972,AB24 1UN,57.169430,-2.097190
973,AB24 1UP,57.168560,-2.094509
974,AB24 1UQ,57.168500,-2.093103
975,AB24 1UR,57.168400,-2.091681
976,AB24 1US,57.168090,-2.091746
977,AB24 1UT,57.168140,-2.092821
978,AB24 1UU,57.167910,-2.100956
979,AB24 1UW,57.170870,-2.095804
980,AB24 1UX,57.168250,-2.094541
981,AB24 1UY,57.170100,-2.096927
982,AB24 1UZ,57.170490,-2.095621
983,AB24 1WA,57.166670,-2.088386
984,AB24 1WB,57.168720,-2.090177
985,AB24 1WD,57.168820,-2.090226
986,AB24 1WE,57.168080,-2.089431
987,AB24 1WF,57.167980,-2.089331
988,AB24 1WG,57.167260,-2.088801
989,AB24 1WH,57.167400,-2.088966
990,AB24 1WS,57.173320,-2.095248
991,AB24 1WT,57.172710,-2.094850
992,AB24 1WU,57.175220,-2.103357
993,AB24 1XA,57.168990,-2.093236
994,AB24 1XB,57.167500,-2.093530
995,AB24 1XD,57.167780,-2.094639
996,AB24 1XE,57.170010,-2.094231
997,AB24 1XF,57.171280,-2.093937
998,AB24 1XG,57.171860,-2.093326
999,AB24 1XH,57.169500,-2.092874
1000,AB24 1XJ,57.169040,-2.091186
1001,AB24 1XL,57.167720,-2.086454
1002,AB24 1XN,57.173720,-2.091363
1003,AB24 1XP,57.177400,-2.099857
1004,AB24 1XQ,57.171330,-2.095524
1005,AB24 1XR,57.175520,-2.098181
1006,AB24 1XS,57.174590,-2.098857
1007,AB24 1XT,57.172510,-2.092733
1008,AB24 1XU,57.172200,-2.091673
1009,AB24 1XW,57.165940,-2.091360
1010,AB24 1XX,57.165910,-2.088864
1011,AB24 1XZ,57.173420,-2.093446
1012,AB24 1YA,57.171160,-2.093060
1013,AB24 1ZS,57.164700,-2.090117
1014,AB24 2AA,57.166290,-2.116841
1015,AB24 2AB,57.166760,-2.118413
1016,AB24 2AE,57.167900,-2.121046
1017,AB24 2AH,57.168310,-2.122073
1018,AB24 2AS,57.169340,-2.122027
1019,AB24 2AX,57.170320,-2.123303
1020,AB24 2BA,57.171000,-2.126001
1021,AB24 2BD,57.171010,-2.127605
1022,AB24 2BE,57.167000,-2.117720
1023,AB24 2BG,57.173090,-2.142165
1024,AB24 2BH,57.171690,-2.127508
1025,AB24 2BL,57.172380,-2.128867
1026,AB24 2BP,57.173150,-2.144001
1027,AB24 2BQ,57.172340,-2.144295
1028,AB24 2BR,57.172830,-2.146017
1029,AB24 2BT,57.172270,-2.141037
1030,AB24 2BX,57.172270,-2.136539
1031,AB24 2DB,57.171850,-2.132619
1032,AB24 2DD,57.171540,-2.130402
1033,AB24 2DU,57.172350,-2.138177
1034,AB24 2DY,57.172040,-2.135315
1035,AB24 2EE,57.171290,-2.128565
1036,AB24 2EH,57.170810,-2.126612
1037,AB24 2EU,57.170530,-2.125387
1038,AB24 2EW,57.170390,-2.126726
1039,AB24 2FF,57.171190,-2.109961
1040,AB24 2GE,57.172910,-2.141205
1041,AB24 2GF,57.172920,-2.139386
1042,AB24 2GG,57.172580,-2.132522
1043,AB24 2GH,57.172800,-2.136161
1044,AB24 2PT,57.167150,-2.117026
1045,AB24 2PX,57.166790,-2.114925
1046,AB24 2QA,57.168040,-2.118136
